folder;video;image;title;software;description;link
lotus-noir;lotus-noir.mp4;lotus-noir.gif;Lotus Noir;;;
nova;nova-teaser.mp4;nova.png;Teaser Nova;;;
cinesthesie;cinesthesie-challengers.mp4;placeholder.jpg;Cinésthésie;;;https://www.instagram.com/cinesthesie_namm/
presse-citron;;presse-citron.png;Trophée Presse Citron;;;http://www.pressecitron.org/
memoire-dnmade;;memoire.png;Mémoire DNMADE;;;
cinecure;cinecure-intro.mp4;;Cinécure;;;
frontieres;frontieres.mp4;frontieres.png;Frontières;;;
home;;home-01.jpg;home.;;;
blob;16x15x3.mp4;;16 x 15 x 3;;;
voyage-voyage;;IMG_8794.JPG;Voyage Voyage;;;
